Workbook

Sheet Read Me
B2: Signet pilot — stone database (DRAFT)
B3: One place for every fact the NFC diamond experience shows. The site reads this sheet; nobody edits the code to add a stone.
B5: How to use it
B6: 1. Stones tab: one row per stone. Fill in every column marked *. Row 001 is the worked example.
B7: 2. Custody Chain tab: one row per step of the stone's journey (from Tracr).
B8: 3. Photos tab: one row per image; put the files in the shared Drive folder under a folder named for the Stone ID.
B9: 4. Watch the Readiness column on Stones. When it says Complete, set Publish status to 'Ready to publish'.
B11: Legend
B12: Cream cells: fill these in.
B13: Grey cells: formulas. Don't edit them.
B14: * Required field. Dropdowns come from the Lists tab, so values match exactly what the site expects.
B16: Where each piece of data comes from
... B25: The GIA report link column assumes GIA Report Check's public lookup URL. Confirm the exact link format with GIA.

Sheet Stones
A1: IDENTITY | D1: PRODUCT (GIA REPORT) | R1: GIA REPORT | V1: TRACR PROVENANCE | AA1: STORY COPY | AG1: CHECK
A2: Stone ID * | B2: NFC tag URL | C2: Publish status * | D2: Display name | E2: Shape * | F2: Carat * | G2: Cut * | H2: Colour * | I2: Clarity * | J2: Clarity characteristics | K2: Polish | L2: Symmetry | M2: Fluorescence | N2: Measurements (mm) | O2: Table % | P2: Depth % | Q2: Description | R2: GIA report number * | S2: GIA report date * | T2: GIA status * | U2: GIA report link | V2: Tracr ID * | W2: Tracr status * | X2: Mine * | Y2: Country * | Z2: Rough carat | AA2: Formation age (bn yrs) | AB2: Formation depth (km) | AC2: Formation temp (°C) | AD2: Formation pressure (atm) | AE2: Source paragraph 1 | AF2: Source paragraph 2 | AG2: Custody steps | AH2: Photos | AI2: Readiness
A3: Printed on NFC tag | B3: Auto — write this to the tag | C3: Team | D3: Signet / team (optional) | E3: GIA report | F3: GIA report | G3: GIA report | H3: GIA report | I3: GIA report | J3: GIA report (comma-separated) | K3: GIA report | L3: GIA report | M3: GIA report | N3: GIA report | O3: GIA report | P3: GIA report | Q3: Copywriter | R3: GIA report | S3: GIA report | T3: GIA | U3: Auto — GIA Report Check | V3: Tracr | W3: Tracr | X3: Tracr | Y3: Tracr | Z3: Tracr | AA3: Mine geology — copywriter | AB3: Mine geology — copywriter | AC3: Mine geology — copywriter | AD3: Mine geology — copywriter | AE3: Copywriter (per mine) | AF3: Copywriter (per mine) | AG3: Auto — from Custody Chain tab | AH3: Auto — from Photos tab | AI3: Auto
A4: 001 | B4: =IF(A4="","","https://diamond-nfc-experience.vercel.app/diamond/"&A4) | C4: Draft | D4: The Meridian | E4: Round Brilliant | F4: 1.52 | G4: Excellent | H4: F | I4: VS1 | J4: Feather, Crystal | K4: Excellent | L4: Excellent | M4: None | N4: 7.35 × 7.38 × 4.52 | O4: 0.58 | P4: 0.618 | Q4: A round brilliant of exceptional fire, cut to return maximum light with every movement. Its near-colorless grade and excellent proportions give it a bright, lively face-up appearance. | R4: 7346554795 | S4: 2024-03-02 | T4: Verified | U4: =IF(R4="","","https://www.gia.edu/report-check?reportno="&R4) | V4: TRACR-MOCK-88213-NA | W4: Verified | X4: Orapa Mine | Y4: Botswana | Z4: 3.86 | AA4: 2.9 | AB4: 180 | AC4: 1250 | AD4: 55000 | AE4: This diamond was mined by Debswana, a partnership between the Government of Botswana and De Beers, and sold through De Beers’ sightholder sales — the rough diamond distribution arm historically known as the Diamond Trading Company (DTC). | AF4: Orapa, in the Kalahari of central Botswana, is one of the largest diamond mines in the world by area. | AG4: =COUNTIF('Custody Chain'!$A:$A,A4) | AH4: =COUNTIF(Photos!$A:$A,A4) | AI4: =IF(((A4="")+(C4="")+(E4="")+(F4="")+(G4="")+(H4="")+(I4="")+(R4="")+(S4="")+(T4="")+(V4="")+(W4="")+(X4="")+(Y4=""))>0,"Missing "&((A4="")+(C4="")+(E4="")+(F4="")+(G4="")+(H4="")+(I4="")+(R4="")+(S4="")+(T4="")+(V4="")+(W4="")+(X4="")+(Y4=""))&" required field(s)",IF(AG4=0,"Needs custody chain",IF(AH4<3,"Needs photos","Complete")))
A5: 002 | B5: =IF(A5="","","https://diamond-nfc-experience.vercel.app/diamond/"&A5) | C5: Draft | D5: The Solstice | E5: Oval | F5: 2.01 | G5: Very Good | H5: G | I5: VVS2 | J5: Pinpoint | K5: Excellent | L5: Very Good | M5: Faint | N5: 9.87 × 6.92 × 4.41 | O5: 0.61 | P5: 0.634 | Q5: An elongated oval with a soft, elegant silhouette. Exceptionally clean under magnification, with a warm brilliance that flatters the hand. | R5: 6261314219 | S5: 2024-01-15 | T5: Verified | U5: =IF(R5="","","https://www.gia.edu/report-check?reportno="&R5) | V5: TRACR-MOCK-51907-NA | W5: Verified | X5: Diavik Mine | Y5: Canada | Z5: 4.92 | AA5: 3.3 | AB5: 200 | AC5: 1300 | AD5: 60000 | AE5: This diamond comes from Diavik, in the Lac de Gras region of Canada’s Northwest Territories, roughly 220 km south of the Arctic Circle. | AF5: The mine sits on islands in a sub-Arctic lake, reached by winter ice road. Canadian diamonds can be traced from mine to market under the Canadian Diamond Code of Conduct. | AG5: =COUNTIF('Custody Chain'!$A:$A,A5) | AH5: =COUNTIF(Photos!$A:$A,A5) | AI5: =IF(((A5="")+(C5="")+(E5="")+(F5="")+(G5="")+(H5="")+(I5="")+(R5="")+(S5="")+(T5="")+(V5="")+(W5="")+(X5="")+(Y5=""))>0,"Missing "&((A5="")+(C5="")+(E5="")+(F5="")+(G5="")+(H5="")+(I5="")+(R5="")+(S5="")+(T5="")+(V5="")+(W5="")+(X5="")+(Y5=""))&" required field(s)",IF(AG5=0,"Needs custody chain",IF(AH5<3,"Needs photos","Complete")))
A6: 003 | B6: =IF(A6="","","https://diamond-nfc-experience.vercel.app/diamond/"&A6) | C6: Draft | D6: The Aurelia | E6: Emerald Cut | F6: 1.84 | G6: Excellent | H6: D | I6: IF | J6: Natural | K6: Excellent | L6: Excellent | M6: None | N6: 8.12 × 5.96 × 3.98 | O6: 0.63 | P6: 0.669 | Q6: A step-cut diamond of rare purity: completely colorless and internally flawless. Its long, open facets create a hall-of-mirrors effect rather than the scatter of a brilliant cut. | R6: 1173390582 | S6: 2023-10-05 | T6: Verified | U6: =IF(R6="","","https://www.gia.edu/report-check?reportno="&R6) | V6: TRACR-MOCK-30044-NA | W6: Verified | X6: Argyle Mine | Y6: Australia | Z6: 4.1 | AA6: 1.6 | AB6: 150 | AC6: 1150 | AD6: 45000 | AE6: This diamond comes from Argyle, in the remote Kimberley region of Western Australia. | AF6: Argyle is one of the few major diamond sources carried to the surface in lamproite rather than kimberlite, and is best known for the rare pink diamonds found alongside stones like this one. | AG6: =COUNTIF('Custody Chain'!$A:$A,A6) | AH6: =COUNTIF(Photos!$A:$A,A6) | AI6: =IF(((A6="")+(C6="")+(E6="")+(F6="")+(G6="")+(H6="")+(I6="")+(R6="")+(S6="")+(T6="")+(V6="")+(W6="")+(X6="")+(Y6=""))>0,"Missing "&((A6="")+(C6="")+(E6="")+(F6="")+(G6="")+(H6="")+(I6="")+(R6="")+(S6="")+(T6="")+(V6="")+(W6="")+(X6="")+(Y6=""))&" required field(s)",IF(AG6=0,"Needs custody chain",IF(AH6<3,"Needs photos","Complete")))
A7: 004 | B7: =IF(A7="","","https://diamond-nfc-experience.vercel.app/diamond/"&A7) | C7: Draft | D7: The Cascade | E7: Cushion | F7: 1.35 | G7: Very Good | H7: H | I7: VS2 | J7: Feather, Needle | K7: Very Good | L7: Very Good | M7: None | N7: 6.84 × 6.71 × 4.35 | O7: 0.6 | P7: 0.648 | Q7: A cushion cut with rounded corners and a soft, pillowy brilliance. Its warmer color grade gives the stone a gentle, candlelit glow. | R7: 5540298871 | S7: 2024-08-02 | T7: In progress | U7: =IF(R7="","","https://www.gia.edu/report-check?reportno="&R7) | V7: TRACR-MOCK-67725-NA | W7: Pending verification | X7: Ekati Mine | Y7: Canada | Z7: 2.98 | AA7: 3.5 | AB7: 210 | AC7: 1350 | AD7: 65000 | AE7: This diamond comes from Ekati, Canada’s first diamond mine, opened in 1998 in the Lac de Gras region of the Northwest Territories. | AF7: Its diamonds formed beneath the Slave Craton, some of the oldest continental crust on Earth. | AG7: =COUNTIF('Custody Chain'!$A:$A,A7) | AH7: =COUNTIF(Photos!$A:$A,A7) | AI7: =IF(((A7="")+(C7="")+(E7="")+(F7="")+(G7="")+(H7="")+(I7="")+(R7="")+(S7="")+(T7="")+(V7="")+(W7="")+(X7="")+(Y7=""))>0,"Missing "&((A7="")+(C7="")+(E7="")+(F7="")+(G7="")+(H7="")+(I7="")+(R7="")+(S7="")+(T7="")+(V7="")+(W7="")+(X7="")+(Y7=""))&" required field(s)",IF(AG7=0,"Needs custody chain",IF(AH7<3,"Needs photos","Complete")))
A8: 005 | B8: =IF(A8="","","https://diamond-nfc-experience.vercel.app/diamond/"&A8) | C8: Draft | D8: The Ember | E8: Radiant Cut | F8: 1.68 | G8: Excellent | H8: E | I8: VS1 | J8: Crystal, Feather | K8: Excellent | L8: Excellent | M8: None | N8: 7.42 × 6.18 × 4.29 | O8: 0.66 | P8: 0.652 | Q8: A radiant cut that trades the brilliant's round scatter for crisp, angular flashes of light. Its cropped corners and near-colorless grade give it a bold, architectural presence on the hand. | R8: 8892047163 | S8: 2024-08-19 | T8: Verified | U8: =IF(R8="","","https://www.gia.edu/report-check?reportno="&R8) | V8: TRACR-MOCK-92318-NA | W8: Verified | X8: Venetia Mine | Y8: South Africa | Z8: 3.41 | AA8: 3.1 | AB8: 190 | AC8: 1280 | AD8: 58000 | AE8: This diamond comes from Venetia, De Beers’ largest diamond mine by production, in South Africa’s Limpopo province. | AF8: Venetia's diamonds formed within the Kaapvaal Craton, one of the few surviving fragments of Earth's earliest continental crust. | AG8: =COUNTIF('Custody Chain'!$A:$A,A8) | AH8: =COUNTIF(Photos!$A:$A,A8) | AI8: =IF(((A8="")+(C8="")+(E8="")+(F8="")+(G8="")+(H8="")+(I8="")+(R8="")+(S8="")+(T8="")+(V8="")+(W8="")+(X8="")+(Y8=""))>0,"Missing "&((A8="")+(C8="")+(E8="")+(F8="")+(G8="")+(H8="")+(I8="")+(R8="")+(S8="")+(T8="")+(V8="")+(W8="")+(X8="")+(Y8=""))&" required field(s)",IF(AG8=0,"Needs custody chain",IF(AH8<3,"Needs photos","Complete")))
A9: 006 | B9: =IF(A9="","","https://diamond-nfc-experience.vercel.app/diamond/"&A9) | C9: Draft | U9: =IF(R9="","","https://www.gia.edu/report-check?reportno="&R9) | AG9: =COUNTIF('Custody Chain'!$A:$A,A9) | AH9: =COUNTIF(Photos!$A:$A,A9) | AI9: =IF(((A9="")+(C9="")+(E9="")+(F9="")+(G9="")+(H9="")+(I9="")+(R9="")+(S9="")+(T9="")+(V9="")+(W9="")+(X9="")+(Y9=""))>0,"Missing "&((A9="")+(C9="")+(E9="")+(F9="")+(G9="")+(H9="")+(I9="")+(R9="")+(S9="")+(T9="")+(V9="")+(W9="")+(X9="")+(Y9=""))&" required field(s)",IF(AG9=0,"Needs custody chain",IF(AH9<3,"Needs photos","Complete")))
A10: 007 | B10: =IF(A10="","","https://diamond-nfc-experience.vercel.app/diamond/"&A10) | C10: Draft | U10: =IF(R10="","","https://www.gia.edu/report-check?reportno="&R10) | AG10: =COUNTIF('Custody Chain'!$A:$A,A10) | AH10: =COUNTIF(Photos!$A:$A,A10) | AI10: =IF(((A10="")+(C10="")+(E10="")+(F10="")+(G10="")+(H10="")+(I10="")+(R10="")+(S10="")+(T10="")+(V10="")+(W10="")+(X10="")+(Y10=""))>0,"Missing "&((A10="")+(C10="")+(E10="")+(F10="")+(G10="")+(H10="")+(I10="")+(R10="")+(S10="")+(T10="")+(V10="")+(W10="")+(X10="")+(Y10=""))&" required field(s)",IF(AG10=0,"Needs custody chain",IF(AH10<3,"Needs photos","Complete")))
A11: 008 | B11: =IF(A11="","","https://diamond-nfc-experience.vercel.app/diamond/"&A11) | C11: Draft | U11: =IF(R11="","","https://www.gia.edu/report-check?reportno="&R11) | AG11: =COUNTIF('Custody Chain'!$A:$A,A11) | AH11: =COUNTIF(Photos!$A:$A,A11) | AI11: =IF(((A11="")+(C11="")+(E11="")+(F11="")+(G11="")+(H11="")+(I11="")+(R11="")+(S11="")+(T11="")+(V11="")+(W11="")+(X11="")+(Y11=""))>0,"Missing "&((A11="")+(C11="")+(E11="")+(F11="")+(G11="")+(H11="")+(I11="")+(R11="")+(S11="")+(T11="")+(V11="")+(W11="")+(X11="")+(Y11=""))&" required field(s)",IF(AG11=0,"Needs custody chain",IF(AH11<3,"Needs photos","Complete")))
A12: 009 | B12: =IF(A12="","","https://diamond-nfc-experience.vercel.app/diamond/"&A12) | C12: Draft | U12: =IF(R12="","","https://www.gia.edu/report-check?reportno="&R12) | AG12: =COUNTIF('Custody Chain'!$A:$A,A12) | AH12: =COUNTIF(Photos!$A:$A,A12) | AI12: =IF(((A12="")+(C12="")+(E12="")+(F12="")+(G12="")+(H12="")+(I12="")+(R12="")+(S12="")+(T12="")+(V12="")+(W12="")+(X12="")+(Y12=""))>0,"Missing "&((A12="")+(C12="")+(E12="")+(F12="")+(G12="")+(H12="")+(I12="")+(R12="")+(S12="")+(T12="")+(V12="")+(W12="")+(X12="")+(Y12=""))&" required field(s)",IF(AG12=0,"Needs custody chain",IF(AH12<3,"Needs photos","Complete")))
A13: 010 | B13: =IF(A13="","","https://diamond-nfc-experience.vercel.app/diamond/"&A13) | C13: Draft | U13: =IF(R13="","","https://www.gia.edu/report-check?reportno="&R13) | AG13: =COUNTIF('Custody Chain'!$A:$A,A13) | AH13: =COUNTIF(Photos!$A:$A,A13) | AI13: =IF(((A13="")+(C13="")+(E13="")+(F13="")+(G13="")+(H13="")+(I13="")+(R13="")+(S13="")+(T13="")+(V13="")+(W13="")+(X13="")+(Y13=""))>0,"Missing "&((A13="")+(C13="")+(E13="")+(F13="")+(G13="")+(H13="")+(I13="")+(R13="")+(S13="")+(T13="")+(V13="")+(W13="")+(X13="")+(Y13=""))&" required field(s)",IF(AG13=0,"Needs custody chain",IF(AH13<3,"Needs photos","Complete")))
A14: 011 | B14: =IF(A14="","","https://diamond-nfc-experience.vercel.app/diamond/"&A14) | C14: Draft | U14: =IF(R14="","","https://www.gia.edu/report-check?reportno="&R14) | AG14: =COUNTIF('Custody Chain'!$A:$A,A14) | AH14: =COUNTIF(Photos!$A:$A,A14) | AI14: =IF(((A14="")+(C14="")+(E14="")+(F14="")+(G14="")+(H14="")+(I14="")+(R14="")+(S14="")+(T14="")+(V14="")+(W14="")+(X14="")+(Y14=""))>0,"Missing "&((A14="")+(C14="")+(E14="")+(F14="")+(G14="")+(H14="")+(I14="")+(R14="")+(S14="")+(T14="")+(V14="")+(W14="")+(X14="")+(Y14=""))&" required field(s)",IF(AG14=0,"Needs custody chain",IF(AH14<3,"Needs photos","Complete")))
A15: 012 | B15: =IF(A15="","","https://diamond-nfc-experience.vercel.app/diamond/"&A15) | C15: Draft | U15: =IF(R15="","","https://www.gia.edu/report-check?reportno="&R15) | AG15: =COUNTIF('Custody Chain'!$A:$A,A15) | AH15: =COUNTIF(Photos!$A:$A,A15) | AI15: =IF(((A15="")+(C15="")+(E15="")+(F15="")+(G15="")+(H15="")+(I15="")+(R15="")+(S15="")+(T15="")+(V15="")+(W15="")+(X15="")+(Y15=""))>0,"Missing "&((A15="")+(C15="")+(E15="")+(F15="")+(G15="")+(H15="")+(I15="")+(R15="")+(S15="")+(T15="")+(V15="")+(W15="")+(X15="")+(Y15=""))&" required field(s)",IF(AG15=0,"Needs custody chain",IF(AH15<3,"Needs photos","Complete")))
A16: 013 | B16: =IF(A16="","","https://diamond-nfc-experience.vercel.app/diamond/"&A16) | C16: Draft | U16: =IF(R16="","","https://www.gia.edu/report-check?reportno="&R16) | AG16: =COUNTIF('Custody Chain'!$A:$A,A16) | AH16: =COUNTIF(Photos!$A:$A,A16) | AI16: =IF(((A16="")+(C16="")+(E16="")+(F16="")+(G16="")+(H16="")+(I16="")+(R16="")+(S16="")+(T16="")+(V16="")+(W16="")+(X16="")+(Y16=""))>0,"Missing "&((A16="")+(C16="")+(E16="")+(F16="")+(G16="")+(H16="")+(I16="")+(R16="")+(S16="")+(T16="")+(V16="")+(W16="")+(X16="")+(Y16=""))&" required field(s)",IF(AG16=0,"Needs custody chain",IF(AH16<3,"Needs photos","Complete")))
A17: 014 | B17: =IF(A17="","","https://diamond-nfc-experience.vercel.app/diamond/"&A17) | C17: Draft | U17: =IF(R17="","","https://www.gia.edu/report-check?reportno="&R17) | AG17: =COUNTIF('Custody Chain'!$A:$A,A17) | AH17: =COUNTIF(Photos!$A:$A,A17) | AI17: =IF(((A17="")+(C17="")+(E17="")+(F17="")+(G17="")+(H17="")+(I17="")+(R17="")+(S17="")+(T17="")+(V17="")+(W17="")+(X17="")+(Y17=""))>0,"Missing "&((A17="")+(C17="")+(E17="")+(F17="")+(G17="")+(H17="")+(I17="")+(R17="")+(S17="")+(T17="")+(V17="")+(W17="")+(X17="")+(Y17=""))&" required field(s)",IF(AG17=0,"Needs custody chain",IF(AH17<3,"Needs photos","Complete")))
A18: 015 | B18: =IF(A18="","","https://diamond-nfc-experience.vercel.app/diamond/"&A18) | C18: Draft | U18: =IF(R18="","","https://www.gia.edu/report-check?reportno="&R18) | AG18: =COUNTIF('Custody Chain'!$A:$A,A18) | AH18: =COUNTIF(Photos!$A:$A,A18) | AI18: =IF(((A18="")+(C18="")+(E18="")+(F18="")+(G18="")+(H18="")+(I18="")+(R18="")+(S18="")+(T18="")+(V18="")+(W18="")+(X18="")+(Y18=""))>0,"Missing "&((A18="")+(C18="")+(E18="")+(F18="")+(G18="")+(H18="")+(I18="")+(R18="")+(S18="")+(T18="")+(V18="")+(W18="")+(X18="")+(Y18=""))&" required field(s)",IF(AG18=0,"Needs custody chain",IF(AH18<3,"Needs photos","Complete")))
A19: 016 | B19: =IF(A19="","","https://diamond-nfc-experience.vercel.app/diamond/"&A19) | C19: Draft | U19: =IF(R19="","","https://www.gia.edu/report-check?reportno="&R19) | AG19: =COUNTIF('Custody Chain'!$A:$A,A19) | AH19: =COUNTIF(Photos!$A:$A,A19) | AI19: =IF(((A19="")+(C19="")+(E19="")+(F19="")+(G19="")+(H19="")+(I19="")+(R19="")+(S19="")+(T19="")+(V19="")+(W19="")+(X19="")+(Y19=""))>0,"Missing "&((A19="")+(C19="")+(E19="")+(F19="")+(G19="")+(H19="")+(I19="")+(R19="")+(S19="")+(T19="")+(V19="")+(W19="")+(X19="")+(Y19=""))&" required field(s)",IF(AG19=0,"Needs custody chain",IF(AH19<3,"Needs photos","Complete")))
A20: 017 | B20: =IF(A20="","","https://diamond-nfc-experience.vercel.app/diamond/"&A20) | C20: Draft | U20: =IF(R20="","","https://www.gia.edu/report-check?reportno="&R20) | AG20: =COUNTIF('Custody Chain'!$A:$A,A20) | AH20: =COUNTIF(Photos!$A:$A,A20) | AI20: =IF(((A20="")+(C20="")+(E20="")+(F20="")+(G20="")+(H20="")+(I20="")+(R20="")+(S20="")+(T20="")+(V20="")+(W20="")+(X20="")+(Y20=""))>0,"Missing "&((A20="")+(C20="")+(E20="")+(F20="")+(G20="")+(H20="")+(I20="")+(R20="")+(S20="")+(T20="")+(V20="")+(W20="")+(X20="")+(Y20=""))&" required field(s)",IF(AG20=0,"Needs custody chain",IF(AH20<3,"Needs photos","Complete")))
... A53: 050 | B53: =IF(A53="","","https://diamond-nfc-experience.vercel.app/diamond/"&A53) | C53: Draft | U53: =IF(R53="","","https://www.gia.edu/report-check?reportno="&R53) | AG53: =COUNTIF('Custody Chain'!$A:$A,A53) | AH53: =COUNTIF(Photos!$A:$A,A53) | AI53: =IF(((A53="")+(C53="")+(E53="")+(F53="")+(G53="")+(H53="")+(I53="")+(R53="")+(S53="")+(T53="")+(V53="")+(W53="")+(X53="")+(Y53=""))>0,"Missing "&((A53="")+(C53="")+(E53="")+(F53="")+(G53="")+(H53="")+(I53="")+(R53="")+(S53="")+(T53="")+(V53="")+(W53="")+(X53="")+(Y53=""))&" required field(s)",IF(AG53=0,"Needs custody chain",IF(AH53<3,"Needs photos","Complete")))

Sheet Custody Chain
A1: Stone ID | B1: Step # | C1: Stage | D1: Location | E1: Date
A2: 001 | B2: 1 | C2: Mined | D2: Orapa Mine, Botswana | E2: 2023-08-04
A3: 001 | B3: 2 | C3: Sorted & Graded | D3: Gaborone, Botswana | E3: 2023-09-12
A4: 001 | B4: 3 | C4: Cut & Polished | D4: Surat, India | E4: 2024-01-22
A5: 001 | B5: 4 | C5: Certified | D5: GIA, New York | E5: 2024-03-02
A6: 001 | B6: 5 | C6: Delivered to Retailer | D6: New York, NY | E6: 2024-03-28
A7: 002 | B7: 1 | C7: Mined | D7: Diavik Mine, Northwest Territories, Canada | E7: 2023-05-19
A8: 002 | B8: 2 | C8: Sorted & Graded | D8: Yellowknife, Canada | E8: 2023-06-30
A9: 002 | B9: 3 | C9: Cut & Polished | D9: Antwerp, Belgium | E9: 2023-11-08
A10: 002 | B10: 4 | C10: Certified | D10: GIA, New York | E10: 2024-01-15
A11: 002 | B11: 5 | C11: Delivered to Retailer | D11: New York, NY | E11: 2024-02-04
A12: 003 | B12: 1 | C12: Mined | D12: Argyle Mine, Western Australia | E12: 2022-12-11
A13: 003 | B13: 2 | C13: Sorted & Graded | D13: Perth, Australia | E13: 2023-02-02
... A25: 005 | B25: 5 | C25: Delivered to Retailer | D25: New York, NY | E25: 2024-09-10

Sheet Photos
A1: Stone ID | B1: Level | C1: File name in Drive folder | D1: Hotspot left % | E1: Hotspot top % | F1: Alt text | G1: Notes
A2: 001 | B2: 1 - Full view | C2: 001/level-1-default.png | D2: 50 | E2: 30 | F2: Diamond, full view
A3: 001 | B3: 2 - Girdle close-up | C3: 001/level-2-close.png | D3: 50 | E3: 75 | F3: Diamond, closer view of the girdle
A4: 001 | B4: 3 - Inscription | C4: 001/level-3-inscription.png | F4: Diamond, closest view of the laser inscription | G4: Current file is upscaled and blurry — needs hi-res original
A5: 001 | B5: Thumbnail | C5: 001/thumbnail-wide.jpg | F5: Close-up of the diamond's facets
A6: 002 | B6: 1 - Full view | C6: 002/level-1-default.png | D6: 50 | E6: 30 | F6: Diamond, full view
A7: 002 | B7: 2 - Girdle close-up | C7: 002/level-2-close.png | D7: 51 | E7: 58 | F7: Diamond, closer view of the girdle
A8: 002 | B8: 3 - Inscription | C8: 002/level-3-inscription.png | F8: Diamond, closest view of the laser inscription
A9: 002 | B9: Thumbnail | C9: 002/thumbnail-wide.jpg | F9: Close-up of the diamond's facets

Sheet Field Guide
A1: Field | B1: Tab | C1: Source | D1: Who enters it | E1: Required? | F1: Where it shows on the site | G1: Format / example
A2: Stone ID | B2: Stones | C2: Printed on NFC tag | D2: Team | E2: Yes | F2: URL /diamond/{id}; every tab's join key | G2: Three digits, text: 001
A3: NFC tag URL | B3: Stones | C3: Auto — write this to the tag | D3: Formula | E3: Auto | F3: Encoded onto the physical NFC tag | G3: Auto
A4: Publish status | B4: Stones | C4: Team | D4: Team | E4: Yes | F4: Only 'Live' rows appear on the site | G4: Draft / Ready to publish / Live
A5: Display name | B5: Stones | C5: Signet / team (optional) | D5: Signet / team | E5: No | F5: Not shown today; reserved for share card | G5: The Meridian
A6: Shape | B6: Stones | C6: GIA report | D6: Data entry | E6: Yes | F6: 4Cs panel (shortened: 'Round') | G6: Pick from list
A7: Carat | B7: Stones | C7: GIA report | D7: Data entry | E7: Yes | F7: 4Cs panel | G7: 1.52 (number)
A8: Cut | B8: Stones | C8: GIA report | D8: Data entry | E8: Yes | F8: 4Cs panel (abbreviated: EX, VG…) | G8: Pick from list
A9: Colour | B9: Stones | C9: GIA report | D9: Data entry | E9: Yes | F9: 4Cs panel | G9: Single letter D–M
A10: Clarity | B10: Stones | C10: GIA report | D10: Data entry | E10: Yes | F10: 4Cs panel | G10: Pick from list
A11: Clarity characteristics | B11: Stones | C11: GIA report (comma-separated) | D11: Data entry | E11: No | F11: Pills under the Inclusions plot | G11: Feather, Crystal
A12: Polish | B12: Stones | C12: GIA report | D12: Data entry | E12: No | F12: Details / GIA section | G12: Pick from list
... A38: Level / File name / Hotspot / Alt text | B38: Photos | C38: GIA photography | D38: Team | E38: Yes (3 levels) | F38: Zoom-in stage and About panel thumbnail | G38: Hotspot = where the tap target sits on the photo, in % from left/top

Sheet Lists
A1: Shape | B1: Cut / Polish / Symmetry | C1: Colour | D1: Clarity | E1: Fluorescence | F1: GIA status | G1: Tracr status | H1: Custody stage | I1: Photo level | J1: Publish
A2: Round Brilliant | B2: Excellent | C2: D | D2: FL | E2: None | F2: Verified | G2: Verified | H2: Mined | I2: 1 - Full view | J2: Draft
A3: Oval | B3: Very Good | C3: E | D3: IF | E3: Faint | F3: In progress | G3: Pending verification | H3: Sorted & Graded | I3: 2 - Girdle close-up | J3: Ready to publish
A4: Emerald Cut | B4: Good | C4: F | D4: VVS1 | E4: Medium | H4: Cut & Polished | I4: 3 - Inscription | J4: Live
A5: Cushion | B5: Fair | C5: G | D5: VVS2 | E5: Strong | H5: Certified | I5: Thumbnail
A6: Radiant Cut | B6: Poor | C6: H | D6: VS1 | E6: Very Strong | H6: Delivered to Retailer
A7: Princess | B7: N/A | C7: I | D7: VS2
A8: Pear | C8: J | D8: SI1
A9: Marquise | C9: K | D9: SI2
A10: Asscher | C10: L | D10: I1
A11: Heart | C11: M | D11: I2
D12: I3
